UserName,GivenName,FamilyName,Id,Email,BirthDate,About,Address1,Address2,City,State,Postal,Country,Latitude,Longituderob@cory.com,Rob,Cory,robcory-guid,rob@cory.com,12/6/75,Robin @ Work,2555 W Britton Rd,,Perry,MI,48872,US,42.866412,-84.170753foxyboots9@gmail.com,Jen,Cory,foxyboots9-guid,foxyboots9@gmail.com,9/19/75,Red Hot Fox,270 Scotts Fork-Bonnie Rd,,Sutton,WV,26601,US,38.767195,-80.820221rcory@gmail.com,Rob,Cory,coryhome-guid,rcory@gmail.com,12/6/75,Rob @ Home,35 E Sandusky St,,Chesterville,OH,43317,US,40.480854,-82.749366ftowne@lendlib.org,Freddi,Towne,ftowne-guid,ftowne@lendlib.org,2/13/84,eleifend donec pretium vulputate,28219 Us Hwy 31,,Jemison,AL,35085,US,33.008097,-86.756826itreneer@lendlib.org,Isador,Treneer,itreneer-guid,itreneer@lendlib.org,11/5/81,nulla facilisi nullam vehicula,435 Denali St,,Palmer,AK,99645,US,61.399882,-148.873973ncratere@lendlib.org,Nicolle,Cratere,ncratere-guid,ncratere@lendlib.org,9/22/91,duis at consectetur lorem,1419 W Meseto Ave,,Mesa,AZ,85202,US,33.368266,-111.86431kskinley@lendlib.org,Karlotta,Skinley,kskinley-guid,kskinley@lendlib.org,11/13/00,viverra nibh cras pulvinar,106 Co Hwy 63,,Morrilton,AR,72110,US,35.14258,-92.655243ubyforth@lendlib.org,Upton,Byforth,ubyforth-guid,ubyforth@lendlib.org,9/4/93,in fermentum posuere urna,18699 Beech Ave,,Shafter,CA,93263,US,35.463595,-119.325359ntyson@lendlib.org,Nathalie,Tyson,ntyson-guid,ntyson@lendlib.org,7/9/70,vestibulum sed arcu non,6901 Wadsworth Blvd,,Arvada,CO,80003,US,39.51342,-105.208056jnewbold@lendlib.org,Justus,Newbold,jnewbold-guid,jnewbold@lendlib.org,12/14/81,lorem ipsum dolor sit,735 Yalesville Rd,,Cheshire,CT,06410,US,41.497001,-72.870342dhaley@lendlib.org,Doreen,Haley,dhaley-guid,dhaley@lendlib.org,7/1/99,convallis aenean et tortor,910 Flemings Landing Rd,,Townsend,DE,19734,US,39.358946,-75.556835aalleburton@lendlib.org,Aluin,Alleburton,aalleburton-guid,aalleburton@lendlib.org,5/28/89,eleifend quam adipiscing vitae,224 Bates St NW,,Washington,DC,20001,US,38.91027,-77.014468ggayforth@lendlib.org,Gaven,Gayforth,ggayforth-guid,ggayforth@lendlib.org,2/24/65,risus ultricies tristique nulla,306 Florida Ave,,Lake Wales,FL,33853,US,27.822726,-81.634654ystollard@lendlib.org,Ynes,Stollard,ystollard-guid,ystollard@lendlib.org,6/5/56,purus semper eget duis,116 Collins Rd,,Jackson,GA,30233,US,33.376825,-83.882712bmccambrois@lendlib.org,Barbara Anne,McCambrois,bmccambrois-guid,bmccambrois@lendlib.org,8/6/61,amet risus nullam eget,1903 Palolo Ave,,Honolulu,HI,96816,US,21.115289,-157.484404foosthout de vree@lendlib.org,Freida,Oosthout de Vree,foosthout de vree-guid,foosthout de vree@lendlib.org,8/7/81,risus ultricies tristique nulla,440 Eva Falls Ave,,Stanley,ID,83278,US,44.218532,-115.178681aschultheiss@lendlib.org,Alverta,Schultheiss,aschultheiss-guid,aschultheiss@lendlib.org,10/26/80,diam sollicitudin tempor id,70 Gore Rd W,,Morris,IL,60450,US,41.286759,-88.390334tmacfaell@lendlib.org,Tiphanie,MacFaell,tmacfaell-guid,tmacfaell@lendlib.org,10/27/69,euismod elementum nisi quis,10960 750 N,,Sheridan,IN,46069,US,40.149246,-86.259514ltremoille@lendlib.org,Luther,Tremoille,ltremoille-guid,ltremoille@lendlib.org,5/15/78,iaculis eu non diam,2831 Knapp Ave,,Melbourne,IA,50162,US,41.946066,-93.036629sgarrigan@lendlib.org,Shena,Garrigan,sgarrigan-guid,sgarrigan@lendlib.org,5/5/64,neque aliquam vestibulum morbi,315 Cottonwood St,,Strong City,KS,66869,US,38.464949,-96.462812rsoame@lendlib.org,Roderic,Soame,rsoame-guid,rsoame@lendlib.org,9/9/84,quam quisque id diam,792 Hayes Ln,,Willisburg,KY,40078,US,37.824499,-85.248467ahuegett@lendlib.org,Alanson,Huegett,ahuegett-guid,ahuegett@lendlib.org,3/26/70,massa ultricies mi quis,460 Hospital Rd,,New Roads,LA,70760,US,30.722814,-91.508833aoran@lendlib.org,Allyce,Oran,aoran-guid,aoran@lendlib.org,4/3/87,odio euismod lacinia at,400 Eastern Ave,,Augusta,ME,04330,US,44.29995,-69.736482klawrey@lendlib.org,Kimberli,Lawrey,klawrey-guid,klawrey@lendlib.org,12/11/58,facilisis gravida neque convallis,8600 Foundry St,,Savage,MD,20763,US,39.140769,-76.797763hspowart@lendlib.org,Hogan,Spowart,hspowart-guid,hspowart@lendlib.org,12/26/69,vestibulum lectus mauris ultrices,53 West St,,Natick,MA,01760,US,42.272291,-71.36337abroadhurst@lendlib.org,Alexi,Broadhurst,abroadhurst-guid,abroadhurst@lendlib.org,3/7/69,lacus sed viverra tellus,7500 S M 52,,Owosso,MI,48867,US,42.873187,-84.203434rbraybrooks@lendlib.org,Roderigo,Braybrooks,rbraybrooks-guid,rbraybrooks@lendlib.org,12/28/98,suscipit adipiscing bibendum est,13772 Rose Dr,,Rogers,MN,55374,US,45.203555,-93.571903jturmell@lendlib.org,Jo-ann,Turmell,jturmell-guid,jturmell@lendlib.org,1/1/98,semper auctor neque vitae,1384 State Hwy 500,,Lena,MS,39094,US,32.590954,-89.579514egarmons@lendlib.org,Ernst,Garmons,egarmons-guid,egarmons@lendlib.org,12/30/01,id cursus metus aliquam,426 Brenneke Hills Rd,,Jefferson City,MO,65101,US,38.423798,-92.198469rbizley@lendlib.org,Ruby,Bizley,rbizley-guid,rbizley@lendlib.org,8/26/56,posuere urna nec tincidunt,310 2nd Ave NE,,White Sulphur Springs,MT,59645,US,46.787064,-111.296213zcaroline@lendlib.org,Zebulen,Caroline,zcaroline-guid,zcaroline@lendlib.org,10/22/63,ante in nibh mauris,750 Main St,,Rising City,NE,68658,US,41.1743,-97.315578ctutt@lendlib.org,Clifford,Tutt,ctutt-guid,ctutt@lendlib.org,1/12/70,aenean et tortor at,550 US 95 N,,Beatty,NV,89003,US,37.043481,-116.19172avasse@lendlib.org,Andeee,Vasse,avasse-guid,avasse@lendlib.org,11/25/71,vel quam elementum pulvinar,340 Pembroke St,,Suncook,NH,03275,US,43.154858,-71.461974mlabram@lendlib.org,Maynord,Labram,mlabram-guid,mlabram@lendlib.org,9/21/91,porttitor leo a diam,7 Koch Ln,,East Brunswick,NJ,08816,US,40.43181,-74.432208rmckune@lendlib.org,Rasia,McKune,rmckune-guid,rmckune@lendlib.org,6/15/03,ullamcorper sit amet risus,580 4th of July Rd,,Torreon,NM,87061,US,34.632744,-106.354349vlennox@lendlib.org,Van,Lennox,vlennox-guid,vlennox@lendlib.org,8/8/03,non arcu risus quis,200 Cardiff Ln,,Forestburgh,NY,12777,US,41.501299,-74.620909bgronowe@lendlib.org,Byran,Gronowe,bgronowe-guid,bgronowe@lendlib.org,4/14/92,vulputate dignissim suspendisse in,3904 State Rd 2870,,Seagrove,NC,27341,US,35.543075,-79.658232ffishpool@lendlib.org,Ferdinande,Fishpool,ffishpool-guid,ffishpool@lendlib.org,11/16/77,integer quis auctor elit,502 58th Ave SE,,Carrington,ND,58421,US,47.348468,-99.309504bpatemore@lendlib.org,Bryn,Patemore,bpatemore-guid,bpatemore@lendlib.org,3/25/86,vulputate dignissim suspendisse in,207 West St,,Fulton,OH,43321,US,40.455191,-82.773339kwincott@lendlib.org,Kin,Wincott,kwincott-guid,kwincott@lendlib.org,10/16/95,ante in nibh mauris,316 Broadway St,,Sparks,OK,74869,US,35.598464,-96.836786mfrogley@lendlib.org,Miller,Frogley,mfrogley-guid,mfrogley@lendlib.org,10/29/56,ultricies integer quis auctor,741 5th St,,Lyons,OR,97358,US,44.743243,-122.585214ekearn@lendlib.org,Ethelbert,Kearn,ekearn-guid,ekearn@lendlib.org,5/18/79,dolor sed viverra ipsum,718 Broadway St,,Duncannon,PA,17020,US,40.456756,-77.00968cgarrat@lendlib.org,Corine,Garrat,cgarrat-guid,cgarrat@lendlib.org,11/7/60,mauris a diam maecenas,1132 Pontiac Ave,,Cranston,RI,02920,US,41.753609,-71.450869sandover@lendlib.org,Silvana,Andover,sandover-guid,sandover@lendlib.org,4/1/91,a iaculis at erat,2363 Notch Rd,,Columbia,SC,29204,US,34.025176,-81.011022krumble@lendlib.org,Kori,Rumble,krumble-guid,krumble@lendlib.org,1/25/57,quis varius quam quisque,23064 365th Ave,,Wessington Springs,SD,57382,US,44.014397,-99.002355bseakes@lendlib.org,Branden,Seakes,bseakes-guid,bseakes@lendlib.org,6/30/87,faucibus et molestie ac,2306 Black Fox Ct,,Murfreesboro,TN,37127,US,35.80809,-86.359136btremollet@lendlib.org,Blakeley,Tremollet,btremollet-guid,btremollet@lendlib.org,3/25/01,dolor morbi non arcu,13249 Harvest Hill Ln,,Holland,TX,76534,US,30.905244,-97.365594hfrancesch@lendlib.org,Hetty,Francesch,hfrancesch-guid,hfrancesch@lendlib.org,7/11/64,penatibus et magnis dis,301 W Rye Dr,,Saratoga Springs,UT,84045,US,40.401359,-111.927035blethieulier@lendlib.org,Byram,Lethieulier,blethieulier-guid,blethieulier@lendlib.org,2/7/74,volutpat blandit aliquam etiam,980 Senor Rd,,Warren,VT,05674,US,44.094874,-72.816417sboame@lendlib.org,Stacy,Boame,sboame-guid,sboame@lendlib.org,9/11/92,velit laoreet id donec,302 Holly Grove Ests,,Bumpass,VA,23024,US,37.810313,-77.81116scobden@lendlib.org,Selby,Cobden,scobden-guid,scobden@lendlib.org,1/7/84,integer malesuada nunc vel,46715 SE 129th St,,North Bend,WA,98045,US,47.33075,-121.619994bbeggini@lendlib.org,Brandea,Beggini,bbeggini-guid,bbeggini@lendlib.org,3/8/80,sed viverra ipsum nunc,275 W Main St,,Sutton,WV,26601,US,38.795594,-80.731308wjanatka@lendlib.org,Willy,Janatka,wjanatka-guid,wjanatka@lendlib.org,12/14/01,lorem ipsum dolor sit,100 E Vista Blvd,,Markesan,WI,53946,US,43.721933,-89.018997rjaworski@lendlib.org,Robin,Jaworski,rjaworski-guid,rjaworski@lendlib.org,8/16/76,,800 N Poplar St,,Casper,WY,82601,US,42.697026,-107.019126lruiz@lendlib.org,Luz,Ruiz,lruiz-guid,lruiz@lendlib.org,8/28/55,,9 Calle Sixto Febus,,Corozal,PR,00783,US,18.280422,-66.346513